{
  "batch_size": 4,
  "data_dir": "../data/",
  "dst_path": "../outputs/",
  "epochs": 1,
  "initial_epoch": 3,
  "load_checkpoint": true,
  "model_name": "unet",
  "patch_size": 40,
  "rotations": [
    90,
    180,
    270
  ],
  "sample_te_size": 5,
  "sample_tr_size": 5,
  "save_best_only": true,
  "shuffle": true,
  "stride": 4,
  "tr_losses": [
    1.9589331150054932,
    0.6935698986053467,
    0.6935536861419678
  ],
  "val_losses": [
    0.6933249831199646,
    0.6932715773582458,
    0.6929442286491394
  ],
  "validation_split": 0.2,
  "verbose": 1
}